Workbook

Sheet Sheet1
A1: x | B1: x
A2: 11290001 | B2: =VLOOKUP(A2,'Master MAKT'!B:C,2,0) -> Empedu
A3: 11160004 | B3: =VLOOKUP(A3,'Master MAKT'!B:C,2,0) -> Serpihan BP
A4: 11170002 | B4: =VLOOKUP(A4,'Master MAKT'!B:C,2,0) -> Tembolok 10 Kg
A5: 11100001 | B5: =VLOOKUP(A5,'Master MAKT'!B:C,2,0) -> Head 10 Kg
A6: 11120001 | B6: =VLOOKUP(A6,'Master MAKT'!B:C,2,0) -> Usus 10 Kg Fresh
A7: 11130001 | B7: =VLOOKUP(A7,'Master MAKT'!B:C,2,0) -> Hati + Ampla (Giblet) Fresh
A8: 11110020 | B8: =VLOOKUP(A8,'Master MAKT'!B:C,2,0) -> Ceker tanpa Kuku 1 Kg Fr Hachi Grill
A9: 11140014 | B9: =VLOOKUP(A9,'Master MAKT'!B:C,2,0) -> Ampela 1 Kg Fr Hachi Grill
A10: 11150028 | B10: =VLOOKUP(A10,'Master MAKT'!B:C,2,0) -> Hati 1 Kg Fr Hachi Grill
A11: 11190001 | B11: =VLOOKUP(A11,'Master MAKT'!B:C,2,0) -> Skin neck RM Fresh
A12: 11300007 | B12: =VLOOKUP(A12,'Master MAKT'!B:C,2,0) -> Griller Size 2 (800-900 G) (10 E) Fresh
A13: 11320006 | B13: =VLOOKUP(A13,'Master MAKT'!B:C,2,0) -> Griller Size A (900-1000 G) General
... A37: 11730004 | B37: =VLOOKUP(A37,'Master MAKT'!B:C,2,0) -> Middle Wing 25-34 GR Fresh (RM)
A38: 1188003S | B38: =VLOOKUP(A38,'Master MAKT'!B:C,2,0) -> FW 90-100 G FZ POPOLAMAMA
A39: 11740052 | B39: =VLOOKUP(A39,'Master MAKT'!B:C,2,0) -> Wing Stick Frozen Pack
A40: 11730050 | B40: =VLOOKUP(A40,'Master MAKT'!B:C,2,0) -> Middle Wing Frozen Pack
A41: 11730003 | B41: =VLOOKUP(A41,'Master MAKT'!B:C,2,0) -> Middle Wing 18-48/23-48 Gr Fresh (RM)
A42: 11740002 | B42: =VLOOKUP(A42,'Master MAKT'!B:C,2,0) -> Wing Stick 18-48/23-48 Fresh (RM)
A43: 11110006 | B43: =VLOOKUP(A43,'Master MAKT'!B:C,2,0) -> Ceker By Product Fresh
A44: 11960001 | B44: =VLOOKUP(A44,'Master MAKT'!B:C,2,0) -> CCM 10 KG FRESH
A45: 111C0000 | B45: =VLOOKUP(A45,'Master MAKT'!B:C,2,0) -> MDM NY FRESH (BREAST)
A46: 11970002 | B46: =VLOOKUP(A46,'Master MAKT'!B:C,2,0) -> 1BP CCM
A47: 11320012 | B47: =VLOOKUP(A47,'Master MAKT'!B:C,2,0) -> Griller Size C (1100-1200 G) General
A48: 11260001 | B48: =VLOOKUP(A48,'Master MAKT'!B:C,2,0) -> Daging Potong BB (RM)
A49: 111B0000 | B49: =VLOOKUP(A49,'Master MAKT'!B:C,2,0) -> RM Reject (BP)
A50: 111C0004 | B50: =VLOOKUP(A50,'Master MAKT'!B:C,2,0) -> Daging Giling Ayam Utuh FR
A51: 11620056 | B51: =VLOOKUP(A51,'Master MAKT'!B:C,2,0) -> SBL Mitra 10 Kg
A52: 11240050 | B52: =VLOOKUP(A52,'Master MAKT'!B:C,2,0) -> Skin Carcass 4 KG Frozen
A53: 11310013 | B53: =VLOOKUP(A53,'Master MAKT'!B:C,2,0) -> Griller Size 1 ( 30 Ekor ) Frozen
A54: 11150068 | B54: =VLOOKUP(A54,'Master MAKT'!B:C,2,0) -> Hati 5 Kg Fz
A55: 11150066 | B55: =VLOOKUP(A55,'Master MAKT'!B:C,2,0) -> Hati Fz H-Nest
A56: 11150067 | B56: =VLOOKUP(A56,'Master MAKT'!B:C,2,0) -> Jantung Fz H-Nest
A57: 11140063 | B57: =VLOOKUP(A57,'Master MAKT'!B:C,2,0) -> Ampela Fz H-Nest
A58: 11190050 | B58: =VLOOKUP(A58,'Master MAKT'!B:C,2,0) -> Tulang Leher 5 Kg Frozen
A59: 11110074 | B59: =VLOOKUP(A59,'Master MAKT'!B:C,2,0) -> Ceker 1 KG Frozen
A60: 11140062 | B60: =VLOOKUP(A60,'Master MAKT'!B:C,2,0) -> Ampela 1 KG Frozen
A61: 11150064 | B61: =VLOOKUP(A61,'Master MAKT'!B:C,2,0) -> Hati 1 KG Frozen
A62: 11150065 | B62: =VLOOKUP(A62,'Master MAKT'!B:C,2,0) -> Jantung 1 KG Frozen
... A65: 11410008 | B65: =VLOOKUP(A65,'Master MAKT'!B:C,2,0) -> Parting 10 RM Fresh I Am Bensu
A66: 1140001C | B66: =VLOOKUP(A66,'Master MAKT'!B:C,2,0) -> RM Chicken On Bone Cut 9 RF
A67: 11410062 | B67: =VLOOKUP(A67,'Master MAKT'!B:C,2,0) -> RM P-10 Size B-C Fresh
A68: 11410032 | B68: =VLOOKUP(A68,'Master MAKT'!B:C,2,0) -> RM P-10 JRFC
A69: 11530011 | B69: =VLOOKUP(A69,'Master MAKT'!B:C,2,0) -> RM Chicken Carcass Cut 2 RF
A70: 19020002 | B70: =VLOOKUP(A70,'Master MAKT'!B:C,2,0) -> Beef Trimming FZ
A71: 11720091 | B71: =VLOOKUP(A71,'Master MAKT'!B:C,2,0) -> Fullwing Fz H-Nest
A72: 11280005 | B72: =VLOOKUP(A72,'Master MAKT'!B:C,2,0) -> FULLWING REJECT
A73: 11600009 | B73: =VLOOKUP(A73,'Master MAKT'!B:C,2,0) -> BL Fr 5 KG
A74: 11690011 | B74: =VLOOKUP(A74,'Master MAKT'!B:C,2,0) -> SBB 1Kg Fresh
A75: 11650018 | B75: =VLOOKUP(A75,'Master MAKT'!B:C,2,0) -> Paha Atas Fr 5 KG
A76: 11660020 | B76: =VLOOKUP(A76,'Master MAKT'!B:C,2,0) -> Paha Bawah Fr 5 KG
A77: 11720024 | B77: =VLOOKUP(A77,'Master MAKT'!B:C,2,0) -> Sayap Utuh Fr 5 KG
A78: 11310012 | B78: =VLOOKUP(A78,'Master MAKT'!B:C,2,0) -> Griller Size 0 ( 40 Ekor ) Frozen
... A80: 11320009 | B80: =VLOOKUP(A80,'Master MAKT'!B:C,2,0) -> Griller Size B (1000-1100 G) General
A81: 1188005K | B81: =VLOOKUP(A81,'Master MAKT'!B:C,2,0) -> Middle Wing Fr 5 KG
A82: 1188005L | B82: =VLOOKUP(A82,'Master MAKT'!B:C,2,0) -> Wing Stick Fr 5 KG
A83: 11410085 | B83: =VLOOKUP(A83,'Master MAKT'!B:C,2,0) -> RM P-10 Size D Fr Indomaret
A84: 11420009 | B84: =VLOOKUP(A84,'Master MAKT'!B:C,2,0) -> PARTING 12 SIZE C WO WING RM Fresh
A85: 1188004G | B85: =VLOOKUP(A85,'Master MAKT'!B:C,2,0) -> RM Chicken Wings RF
A86: 9903006 | B86: =VLOOKUP(A86,'Master MAKT'!B:C,2,0) -> Darah
A87: 9903005 | B87: =VLOOKUP(A87,'Master MAKT'!B:C,2,0) -> Bulu
A88: 9903009 | B88: =VLOOKUP(A88,'Master MAKT'!B:C,2,0) -> Isi Ampela Fresh
A89: 9903008 | B89: =VLOOKUP(A89,'Master MAKT'!B:C,2,0) -> Yellow Skin
A90: 11320014 | B90: =VLOOKUP(A90,'Master MAKT'!B:C,2,0) -> Griller Size D (1200-1300 G) General
A91: 11110002 | B91: =VLOOKUP(A91,'Master MAKT'!B:C,2,0) -> Ceker 1 Kg Fresh
A92: 11150004 | B92: =VLOOKUP(A92,'Master MAKT'!B:C,2,0) -> Hati Bersih 1 Kg Fresh
A93: 11140003 | B93: =VLOOKUP(A93,'Master MAKT'!B:C,2,0) -> Amplak Bersih 1 Kg Fresh
A94: 11150007 | B94: =VLOOKUP(A94,'Master MAKT'!B:C,2,0) -> Jantung 1 Kg Fresh
A95: 1132000V | B95: =VLOOKUP(A95,'Master MAKT'!B:C,2,0) -> Griller RM - F (1400-1499 G)
A96: 1132000S | B96: =VLOOKUP(A96,'Master MAKT'!B:C,2,0) -> Griller RM - C (1100-1199 G)
A97: 1132000T | B97: =VLOOKUP(A97,'Master MAKT'!B:C,2,0) -> Griller RM - D (1200-1299 G)
A98: 1132000O | B98: =VLOOKUP(A98,'Master MAKT'!B:C,2,0) -> Griller RM - 1 (700-799 G)
A99: 1132000R | B99: =VLOOKUP(A99,'Master MAKT'!B:C,2,0) -> Griller RM - B (1000-1099 G)
A100: 1132000N | B100: =VLOOKUP(A100,'Master MAKT'!B:C,2,0) -> Griller RM - < 700 G
A101: 1132000P | B101: =VLOOKUP(A101,'Master MAKT'!B:C,2,0) -> Griller RM - 2 (800-899 G)
A102: 1132000Q | B102: =VLOOKUP(A102,'Master MAKT'!B:C,2,0) -> Griller RM - A (900-999 G)
A103: 1132000U | B103: =VLOOKUP(A103,'Master MAKT'!B:C,2,0) -> Griller RM - E (1300-1399 G)
A104: 1132000W | B104: =VLOOKUP(A104,'Master MAKT'!B:C,2,0) -> Griller RM - GH (1500-1699 G)
A105: 1132000X | B105: =VLOOKUP(A105,'Master MAKT'!B:C,2,0) -> Griller RM - IJ (1700-1899 G)
A106: 1132000Y | B106: =VLOOKUP(A106,'Master MAKT'!B:C,2,0) -> Griller RM - K UP (1900-UP G)
A107: 11600053 | B107: =VLOOKUP(A107,'Master MAKT'!B:C,2,0) -> BL Mitra 10 Kg
A108: 11160050 | B108: =VLOOKUP(A108,'Master MAKT'!B:C,2,0) -> Lemak By Produk Frozen
A109: 11750021 | B109: =VLOOKUP(A109,'Master MAKT'!B:C,2,0) -> Fillet Dada FR 5 KG
A110: 11310014 | B110: =VLOOKUP(A110,'Master MAKT'!B:C,2,0) -> Griller Size 2 ( 20 Ekor ) Frozen
A111: 11340038 | B111: =VLOOKUP(A111,'Master MAKT'!B:C,2,0) -> Griller Size A Frozen (18-20 Kg)
A112: 11400048 | B112: =VLOOKUP(A112,'Master MAKT'!B:C,2,0) -> A&W P-9 Fresh
A113: 11150030 | B113: =VLOOKUP(A113,'Master MAKT'!B:C,2,0) -> Hati Bersih Fr 5 KG
A114: 11140015 | B114: =VLOOKUP(A114,'Master MAKT'!B:C,2,0) -> Ampela Bersih Fr 5 KG
A115: 11150031 | B115: =VLOOKUP(A115,'Master MAKT'!B:C,2,0) -> Jantung Bersih Fr 5 KG
A116: 11660012 | B116: =VLOOKUP(A116,'Master MAKT'!B:C,2,0) -> DRUMSTICK FRESH R/M
A117: 11382001 | B117: =VLOOKUP(A117,'Master MAKT'!B:C,2,0) -> Chicken Parting 7 CP Brand
A118: 11960052 | B118: =VLOOKUP(A118,'Master MAKT'!B:C,2,0) -> CCM 10 KG FROZEN
... A120: 11450000 | B120: =VLOOKUP(A120,'Master MAKT'!B:C,2,0) -> RM P-18 Size B FR
A121: 1134002G | B121: =VLOOKUP(A121,'Master MAKT'!B:C,2,0) -> UTUH H-Nest
A122: 11340039 | B122: =VLOOKUP(A122,'Master MAKT'!B:C,2,0) -> Griller Size B Frozen (20-22 Kg)
A123: 11310016 | B123: =VLOOKUP(A123,'Master MAKT'!B:C,2,0) -> Griller (PR) Size Z Frz
A124: 11650009 | B124: =VLOOKUP(A124,'Master MAKT'!B:C,2,0) -> THIGHSTICK FRESH R/M
A125: 11720093 | B125: =VLOOKUP(A125,'Master MAKT'!B:C,2,0) -> Fullwing RM
A126: 1195008MR0 | B126: =VLOOKUP(A126,'Master MAKT'!B:C,2,0) -> Chicken Carcass Cut 2 RF Reject
A127: 1195000HR0 | B127: =VLOOKUP(A127,'Master MAKT'!B:C,2,0) -> P-10 JR FC Reject
...

Sheet Master MAKT
A1: id | B1: MATNR | C1: MAKTX
A2: 326 | B2: 11660009 | C2: Drumstick 85-95 Gr Fresh
A3: 327 | B3: 11690059 | C3: SBB 5 Kg Frozen (25Kg)
A4: 328 | B4: 9903005 | C4: Bulu
A5: 329 | B5: 9903006 | C5: Darah
A6: 330 | B6: 9903008 | C6: Yellow Skin
A7: 331 | B7: 9903009 | C7: Isi Ampela Fresh
A8: 332 | B8: 11100001 | C8: Head 10 Kg
A9: 333 | B9: 11110006 | C9: Ceker By Product Fresh
A10: 334 | B10: 11110018 | C10: Ceker Fresh (Rumah Buah)
A11: 335 | B11: 11110020 | C11: Ceker tanpa Kuku 1 Kg Fr Hachi Grill
A12: 336 | B12: 11110051 | C12: Ceker By Product 5 Kg Frozen
A13: 337 | B13: 11110074 | C13: Ceker 1 KG Frozen
... A114: 438 | B114: 19990007 | C114: RM Beef Blade 20-30 G FR (5 Kg)
A115: 439 | B115: 111B0000 | C115: RM Reject (BP)
A116: 440 | B116: 111C0000 | C116: MDM NY FRESH (BREAST)
A117: 441 | B117: 111C0001 | C117: MDM NY Beku 5 Kg (BREAST)
A118: 442 | B118: 111C0004 | C118: Daging Giling Ayam Utuh FR
A119: 443 | B119: 1131000E | C119: Chicken Whole 800-900 G Fz Ismaya
A120: 444 | B120: 1132000M | C120: RM ATU
A121: 445 | B121: 1132000N | C121: Griller RM - < 700 G
A122: 446 | B122: 1132000O | C122: Griller RM - 1 (700-799 G)
A123: 447 | B123: 1132000P | C123: Griller RM - 2 (800-899 G)
A124: 448 | B124: 1132000Q | C124: Griller RM - A (900-999 G)
A125: 449 | B125: 1132000R | C125: Griller RM - B (1000-1099 G)
A126: 450 | B126: 1132000S | C126: Griller RM - C (1100-1199 G)
... A163: 487 | B163: 11950117R0 | C163: BL 100-110 THAI (BAKMI GM) Reject
A164: 659 | B164: 11110077 | C164: Ceker Ayam Fz Ismaya New
A165: 664 | B165: 11150027 | C165: Hati Ayam Fresh (Rumah Buah)
A166: 665 | B166: 11150028 | C166: Hati 1 Kg Fr Hachi Grill
A167: 689 | B167: 11320027 | C167: Griller Size G (1500-1600) Fresh
A168: 694 | B168: 11410043 | C168: Parting 10 Size D Fresh
A169: 697 | B169: 11420009 | C169: PARTING 12 SIZE C WO WING RM Fresh
A170: 699 | B170: 11450000 | C170: RM P-18 Size B FR
A171: 702 | B171: 11610009 | C171: BL BLOCK 15-25
A172: 711 | B172: 11640013 | C172: Paha Utuh Fresh (Rumah Buah)
A173: 713 | B173: 11640053 | C173: Bone In Leg Frozen Pack
A174: 714 | B174: 11640061 | C174: BIL FZ ABBQ
A175: 715 | B175: 11650009 | C175: THIGHSTICK FRESH R/M
... A182: 746 | B182: 11880044 | C182: RM Skin Neck Block Fresh
A183: 772 | B183: 1140000P | C183: Parting 9 Size A FR Hahapy Chicken
A184: 776 | B184: 1188002W | C184: Paha Atas 25-30 G FZ
A185: 778 | B185: 1188003D | C185: Paha Bawah 110-130 G FZ JCO New
A186: 785 | B186: 1188004K | C186: Fillet 18-36 G FR New
A187: 786 | B187: 1195000H | C187: P-10 JR FC
A188: 787 | B188: 1195000HR0 | C188: P-10 JR FC Reject
A189: 793 | B189: 1195008A | C189: Chicken Kalasan RTC
A190: 794 | B190: 1195008AR0 | C190: Chicken Kalasan RTC Reject
A191: 803 | B191: 11240051 | C191: Skin Carcass 4 KG Frozen (32Kg)
A192: 804 | B192: 11730005 | C192: Middle Wing 25 - 35 GR
B193: 11110002 | C193: Ceker 1 Kg Fresh
B194: 11140003 | C194: Amplak Bersih 1 Kg Fresh
B195: 11140015 | C195: Ampela Bersih Fr 5 KG
B196: 11140063 | C196: Ampela Fz H-Nest
B197: 11150004 | C197: Hati Bersih 1 Kg Fresh
B198: 11150007 | C198: Jantung 1 Kg Fresh
B199: 11150030 | C199: Hati Bersih Fr 5 KG
B200: 11150031 | C200: Jantung Bersih Fr 5 KG
B201: 11150066 | C201: Hati Fz H-Nest
B202: 11150067 | C202: Jantung Fz H-Nest
B203: 11310016 | C203: Griller (PR) Size Z Frz
B204: 11320021 | C204: Griller Size E (1300-1400 G) Special Ord
... B222: 11959973 | C222: PFM P-10 Marinasi Frozen (PAC)
B223: 1188001I | C223: PAHA ATAS H-Nest
B224: 1188001J | C224: PAHA BAWAH H-Nest
B225: 1188001K | C225: PAHA UTUH H-Nest
B226: 1188001Y | C226: SBL 6-8 G Fz Ismaya
B227: 1188003J | C227: BL Dice 15-20 G FZ MC Delica
B228: 1188005K | C228: Middle Wing Fr 5 KG
B229: 1188005L | C229: Wing Stick Fr 5 KG
B230: 11959973R0 | C230: PFM P-10 Marinasi Frozen (PAC) Reject
